S:['k4', 'd3', 'l3', 'z3', 's7', 's4', 'r6', 'n5', 't1', 'x2', 'h9', 'm0', 'e1', 'd4', 'i7', 'r5', 'q7', 's5', 'l7', 'x4', 'd5', 'h4', 'e2', 'g9', 'w5', 'v2', 'g8', 'd0', 'o4', 'p5', 'x7', 's2']
R:['s6', 'u3', 'd5', 'q4', 'j8', 'o6', 'w7', 'e2', 'm0', 'q8', 'f8', 'u4', 'y6', 'o1', 'k0', 'c6', 'b1', 'u9', 'b6', 'k6', 'z9', 'f4', 'z6', 'v2', 'l1', 'm5', 'f2', 'y1', 'p2', 'r8', 'n9', 'j3']
S:['m1', 'f2', 'g7', 'j7', 'c5', 'i0', 'h6', 'z8', 'g0', 't9', 'p7', 'y0', 'v3', 'y3', 'w1', 'h4', 'z6', 'h5', 'z5', 'e9', 'e8', 't0', 'k5', 'x3', 'p2', 'o0', 'h8', 'o5', 'b0', 's2', 'a4', 'j0']
R:['c8', 'e5', 'a5', 'e0', 'j7', 's7', 'j2', 'w1', 's1', 'f3', 'q5', 'x0', 'p6', 'm3', 'u4', 'l5', 'k8', 'y1', 'o3', 'b6', 'i9', 'k0', 'm5', 'i2', 'c3', 'k1', 'f2', 't2', 'i5', 'w2', 'e2', 'g5']
S:['u5', 'r9', 'o4', 'd7', 'c2', 'x9', 'w6', 'n5', 'c4', 'q0', 'f5', 'o0', 'i4', 'd4', 'k8', 'g3', 'u8', 'r5', 'a4', 'e5', 'l5', 'b5', 'r1', 's7', 'l9', 'c3', 's1', 'u3', 'd9', 't9', 't6', 'b0']
R:['v1', 'f3', 'b8', 'y4', 'c4', 'e3', 'z0', 'a6', 'u5', 'c3', 'o1', 'p8', 't6', 'j3', 'd0', 'b3', 'x6', 'p6', 'c0', 'l9', 'q4', 'n2', 'l6', 'k0', 's0', 'u3', 'e5', 'j0', 'd3', 'b6', 'f2', 'k2']
S:['m9', 'l9', 'g1', 'n2', 'v9', 'i7', 'r1', 'u4', 'q9', 'f9', 'c1', 's6', 'a9', 'p6', 'l4', 'f7', 'k1', 'm1', 'a8', 'e5', 'o5', 'v0', 'v5', 'n3', 't4', 'o2', 'w0', 'z9', 'l2', 't9', 'l6', 'd1']
R:['s2', 'u7', 'u1', 'j2', 'n1', 'h2', 'q5', 'y6', 'o3', 'u4', 'l7', 'g2', 'w0', 'r6', 'm6', 'c4', 'b1', 'v8', 't0', 'r1', 'i5', 's1', 'o6', 'h7', 'c1', 'i9', 'p0', 'h3', 'g7', 'q0', 'j3', 'k0']
S:['f0', 'm7', 'm8', 'i6', 'q2', 'o6', 'v2', 'r8', 'c8', 'p3', 'h7', 'c9', 'k3', 'n5', 'g5', 'p1', 'p7', 't5', 'e4', 'a3', 'z4', 'f2', 'v1', 'z9', 'i5', 'w7', 'g4', 'u1', 'z5', 'f8', 'f5', 'k9']
R:['z3', 'p2', 'q8', 'k5', 'p4', 'y6', 'c8', 'f3', 'p0', 'a5', 'q4', 'm8', 'j0', 'k2', 'h6', 'b1', 'e0', 'c4', 'd8', 't2', 't4', 'k8', 'b6', 't9', 't6', 'b8', 'b4', 'z6', 'r1', 'r2', 'i8', 'n3']
S:['w9', 'l1', 'i8', 'y6', 'd6', 'o3', 'b6', 'h3', 'l3', 'd0', 'p1', 't8', 'a3', 'x8', 'v4', 'f2', 'g1', 'j1', 'q5', 'm1', 's3', 't3', 'm8', 'y2', 'a5', 'w4', 'j0', 'd4', 'r2', 'y1', 'j8', 'n6']
R:['c3', 'p1', 'f2', 'v2', 'z6', 'p2', 'z3', 'u7', 'y9', 'p4', 'b8', 'm0', 'k2', 'z5', 'i9', 'e5', 'e0', 'j9', 's1', 'k0', 't9', 'd3', 'g5', 'u6', 'c2', 's9', 'o3', 'c1', 'w8', 'v4', 'f3', 'm5']
S:['e8', 'h2', 'b9', 'm0', 'c8', 'h5', 'e0', 'g4', 'v6', 'u4', 'p4', 'e3', 'k6', 'h0', 'w9', 'z4', 'u1', 'x0', 'y9', 'e1', 'g0', 'p0', 'v9', 'z8', 'h6', 'j5', 'y0', 'k2', 'k8', 'o1', 'i9', 'u9']
R:['j3', 'h3', 'd8', 'q3', 's7', 'u3', 'o8', 't2', 'h6', 'n6', 'c8', 'j8', 'o0', 'y3', 'z7', 'l7', 's0', 'y5', 's9', 'e0', 'k2', 'w4', 't0', 'z3', 'g1', 'n7', 'p4', 'm0', 'm5', 'c4', 'u4', 's1']
S:['n6', 'h6', 'c3', 'n3', 'z8', 's4', 'l1', 'e4', 'o2', 'j1', 'h0', 'h1', 'z6', 'b6', 'm5', 'a2', 'k5', 'q3', 'f3', 's9', 'r3', 'q9', 'i5', 'm3', 'i6', 'a1', 'y5', 'v9', 'b1', 'b2', 'o7', 'b4']
R:['x0', 'p0', 'u4', 'i9', 'q3', 'k8', 'n7', 'o7', 'q4', 'j6', 'm0', 'k0', 'j0', 'c1', 'y1', 'b1', 'x3', 'e2', 'h3', 'o1', 'h9', 's2', 'b4', 'd1', 'l5', 'e1', 'c8', 'l1', 'i5', 't8', 's9', 'n6']
S:['f0', 'v1', 'j8', 'q8', 'f7', 'u9', 'c3', 'b2', 'k3', 'j7', 'y1', 'g0', 'g6', 'k9', 'i8', 's5', 'o4', 'a3', 'z4', 'c2', 'x8', 'r2', 'g2', 'x1', 'e5', 'p7', 'j5', 'm7', 'x6', 'q9', 'x3', 'm6']
R:['j0', 'y9', 'j8', 'y3', 'x1', 'q4', 'n4', 'e0', 'z6', 'z8', 'v7', 'u6', 'g1', 'e5', 'p0', 'p4', 'b2', 'h8', 's1', 'g5', 's8', 'd1', 'r1', 'u7', 'f3', 'b6', 'h5', 'w8', 'p6', 'c0', 'y4', 'p1']
S:['o8', 's6', 'l8', 'q0', 'u6', 'p7', 'm3', 'e8', 'p9', 'i7', 'k1', 'd6', 't8', 'u9', 'd1', 'e9', 'n1', 'f9', 'g7', 'o2', 'd0', 'h7', 'v9', 'l6', 's9', 'b2', 'l5', 'e1', 'm6', 'a1', 'f2', 'i9']
R:['j3', 'u3', 'i9', 'y3', 'm0', 'z2', 's0', 'q3', 'l5', 'r6', 't9', 'a5', 'k2', 'f3', 'y0', 'c3', 'r1', 'i2', 'd9', 'y6', 's2', 'r2', 'b1', 'p0', 'n6', 'c1', 'x2', 'y4', 'h5', 'j8', 'x7', 'k0']
S:['o1', 'n0', 'a0', 'x4', 'j0', 'm8', 'n1', 'o9', 't8', 'i9', 'n9', 'l5', 'y3', 'q7', 'x7', 's6', 'p3', 'j1', 'p6', 'g8', 'a5', 'e5', 'j4', 'm4', 'k2', 'e9', 'h4', 'w4', 'f9', 'i4', 'c7', 'b0']
R:['i2', 'k2', 'r6', 'k0', 'j0', 'p4', 'o3', 'b6', 'c8', 'w7', 'j8', 'w2', 'e0', 'i1', 'm6', 'e5', 'u1', 'i9', 'u4', 'c3', 't0', 'q3', 'm2', 'b8', 'p8', 'f2', 'e3', 'x9', 'r8', 'c2', 'r2', 'e9']
S:['r9', 'z6', 'j2', 'p9', 'p3', 'k4', 'c7', 'c0', 'f8', 'e8', 'a3', 'x2', 'n6', 'f6', 'c5', 'm4', 's9', 's4', 'k7', 'a2', 'd7', 'i0', 'f5', 'u8', 'l1', 's1', 'z2', 'a9', 'o4', 'q3', 'u7', 'p0']
R:['k5', 'y9', 'd5', 'i2', 'p9', 'w8', 'a7', 'z5', 't6', 'd3', 'p2', 'm1', 's1', 'y1', 't7', 'h9', 'i9', 'k2', 'g7', 'l5', 'g2', 'j2', 'c4', 'e1', 'c8', 'x9', 'u9', 'p4', 'i5', 'u1', 'z8', 'f2']
S:['h2', 'm2', 'e1', 'i3', 'f6', 'h1', 's4', 'y5', 'p1', 'z7', 'm6', 'u6', 'd0', 'w2', 'z0', 't6', 'b3', 'k3', 'r3', 's5', 'n6', 'k9', 'i5', 'b2', 'y9', 'r1', 'j9', 'd1', 'g6', 'd5', 's1', 'c8']
R:['h6', 'i6', 's0', 'd9', 'h5', 'k0', 'u3', 'b9', 'p2', 's9', 'a5', 'y4', 'z9', 'z7', 's6', 'a7', 'j7', 'i1', 'c4', 't6', 'x1', 'b1', 'o1', 'q4', 'k8', 'j9', 'i3', 'h7', 'y2', 'y6', 'p6', 'u7']
S:['y1', 'b4', 'q6', 'a1', 'w5', 'f0', 'x8', 't3', 'c6', 'x2', 'h4', 'q0', 'p9', 'x6', 'y6', 'w2', 'r2', 'f6', 'f1', 'v8', 'b0', 'i4', 'p4', 'q9', 'x7', 'd7', 'n0', 'u1', 'o6', 'a0', 'o9', 'y8']
R:['p2', 'd1', 'c1', 'x0', 'e4', 'k8', 'j2', 'n3', 'h9', 'h3', 't9', 't1', 'e3', 'c8', 'z8', 'o7', 'b6', 'k0', 'n2', 'b0', 'u9', 'z3', 'e7', 's1', 'm1', 'p4', 'h6', 'w7', 'd3', 'z6', 'i3', 'i2']
S:['z9', 'f1', 'x1', 'j6', 'o4', 's8', 'y8', 's0', 'm3', 'u3', 'z8', 'x0', 'd2', 'l2', 'f8', 'h8', 'p2', 's2', 'h6', 'y1', 'n4', 'c5', 'b3', 'y0', 'l5', 'w5', 'l8', 'u9', 'g9', 'm5', 's1', 't5']
R:['o5', 'j0', 'z6', 'c4', 'i9', 'j8', 'b8', 't4', 'k0', 'q3', 'm5', 'e1', 'e7', 'n3', 'i6', 'f8', 's1', 'h3', 'w0', 'h9', 'h6', 's0', 'e6', 'd2', 'k8', 'y3', 'u7', 'n7', 'n4', 'i2', 'w4', 'o3']
S:['c5', 'h0', 's9', 'a9', 'p1', 'o1', 'l4', 'w7', 'x8', 'x5', 'u6', 'e9', 'a2', 'e4', 'a6', 's0', 'j6', 'o0', 'f9', 'd3', 'g5', 'o4', 'm5', 'r9', 'g3', 'j1', 'x7', 'v8', 'j3', 'l2', 'y0', 'q5']
R:['e0', 'j0', 'd9', 'e1', 'l5', 'k8', 'o3', 'j8', 'n6', 'j9', 'd3', 'w7', 'k5', 'l1', 'm2', 'i2', 's7', 'g7', 'y0', 'z3', 'r6', 'b6', 'z0', 'k0', 'c2', 'r7', 'f2', 'm0', 't0', 'j7', 'u9', 'g8']
S:['u2', 'a6', 'x0', 'l0', 'm6', 'l3', 't1', 'r8', 'l5', 'l2', 'x7', 'r7', 'q9', 'n0', 'a3', 'j6', 'x8', 'k6', 'n2', 'x6', 'i7', 'h8', 'i6', 'p9', 'f9', 't8', 's1', 'c7', 'h7', 'z4', 'b3', 'x5']
R:['q3', 'k8', 'b4', 's0', 'e0', 'j0', 'r6', 'u9', 'r1', 'b1', 'p1', 'h3', 'm6', 'c6', 's8', 'l1', 'q8', 't9', 't6', 'n4', 'x7', 'x2', 'd3', 'z6', 'l9', 's7', 'b2', 'p4', 'n6', 'k2', 'v8', 'd9']
S:['a4', 'm4', 'o8', 'g8', 'g4', 'x7', 'n2', 'z1', 'r5', 'c1', 'b5', 'w1', 'h4', 'q0', 't8', 'h3', 't7', 'j3', 's5', 's2', 'v0', 'c5', 's9', 'o0', 'u3', 'm9', 'l8', 'u5', 'f3', 'k1', 'c8', 'p3']
R:['x2', 'y4', 'k1', 'p6', 'j3', 'l9', 'r8', 'x9', 't7', 'b9', 't1', 'h9', 'e6', 'x1', 'j6', 'r7', 'w4', 'z9', 'y6', 'e0', 'o6', 'g5', 'u4', 'k0', 'n7', 'j7', 'o3', 'w7', 'b1', 'n6', 'l5', 'i2']
S:['h3', 'a2', 'e0', 'm6', 'v0', 'z5', 'x2', 'o0', 'k4', 'w4', 'l6', 'u5', 'f2', 'l1', 'x8', 'm3', 'e6', 't5', 'w0', 'f9', 'l9', 'p1', 'q8', 'j7', 'p8', 'h9', 'm9', 'f0', 'j5', 's4', 't0', 'b6']
R:['x0', 'n9', 't2', 'x3', 'u4', 'o7', 'w5', 'g5', 'p8', 'q3', 'd3', 'f3', 's8', 'a1', 'h5', 'k6', 'c1', 't4', 'r6', 'j3', 'y3', 'z5', 'e2', 'g2', 'd5', 'z7', 'b3', 'u7', 'p4', 'j9', 'y1', 'e1']
S:['i4', 'c1', 'z5', 'b0', 'f0', 'a8', 'z7', 's1', 't8', 'v9', 'o8', 'g4', 'n9', 'p2', 'x2', 'i2', 'q9', 'u2', 'e9', 'l1', 'h7', 'd4', 'a4', 'x1', 'z4', 'n6', 'k4', 'j7', 'z0', 'o4', 'f5', 'u6']
R:['t2', 'p4', 'x2', 'd3', 'p0', 'z9', 'h3', 'u9', 'd5', 'o5', 'a7', 'd8', 'd0', 'r6', 'p1', 'o6', 'e7', 'x9', 'q8', 'd1', 'k5', 'w2', 'k0', 'i2', 'o1', 'i9', 'f3', 'e0', 'k8', 'k6', 'x0', 'i6']
S:['k9', 'b6', 'j0', 'q7', 'g1', 'd0', 'l2', 'r9', 'q1', 'o8', 'q4', 'c1', 'u8', 'e5', 'x8', 'e7', 'w5', 'g0', 'l9', 'k1', 't6', 'y1', 'm7', 'z5', 'o1', 'f2', 'g4', 'v7', 'c0', 'u6', 'u5', 'e4']
R:['t2', 'j0', 'x2', 'c4', 'd3', 'z7', 'y2', 'i2', 'h4', 'y6', 'j8', 'z9', 'c8', 'n7', 'f3', 'd0', 't6', 'p4', 'k2', 'w0', 's1', 't0', 'f2', 'o3', 'z6', 'u5', 'b1', 'm5', 'p0', 'w1', 'p2', 'j7']
S:['s4', 'q3', 't5', 'n9', 'n1', 'u1', 'm9', 'g3', 'u2', 'l4', 'c8', 'x4', 'j6', 'f8', 'w7', 'k1', 't4', 'x5', 'k3', 'r3', 'y0', 'b6', 'w6', 'p9', 'k5', 'k4', 'o3', 'b1', 'h9', 'p5', 'a7', 'v8']
R:['j8', 'i5', 'f3', 'r6', 'w5', 'z0', 'q4', 'z3', 'e1', 'e0', 'x2', 'k9', 'c1', 'c8', 'h9', 'd5', 'r2', 't6', 'e4', 'y4', 't4', 'l7', 'c4', 'z8', 'u9', 's7', 'q2', 'p4', 'h6', 'h3', 'b1', 'k2']
S:['z7', 'w1', 'e7', 'u6', 'h0', 'g6', 'b2', 'l8', 'r0', 'c9', 'x9', 'v9', 'c8', 'b5', 'y1', 'n0', 'p3', 'p9', 'n7', 'a0', 'y3', 'x7', 'o2', 'j1', 'w0', 'm2', 'd3', 'z9', 'z8', 'k6', 'd2', 'r2']
R:['t1', 's6', 'b9', 's1', 'y6', 'h3', 'a7', 'r8', 'p6', 'p0', 'o6', 'k2', 'e5', 'j3', 'i1', 'v1', 'w3', 'k0', 'o3', 'e0', 'z7', 't0', 'e1', 'z9', 'n7', 'e7', 's2', 'd2', 'b0', 't8', 'm6', 'b1']
S:['o7', 'j6', 'e7', 'b9', 'q5', 'b5', 't5', 'y6', 's2', 'q8', 'x3', 'x9', 'l5', 'm6', 'h9', 'g0', 'l3', 'm8', 'j1', 'v7', 'e5', 'n3', 'y3', 'g2', 'i6', 'q6', 'j4', 'm5', 'r6', 'z7', 't6', 'o3']
R:['k1', 'f4', 'm0', 'i8', 'r3', 't8', 'k2', 'r4', 'h3', 'n6', 'q4', 'o3', 'n3', 'b6', 'e0', 't0', 'e4', 'i3', 'm5', 'g1', 'a7', 'j2', 't3', 'n4', 's8', 'b8', 'z2', 't1', 'u4', 'p6', 'z0', 'c3']
S:['f7', 'k2', 'b5', 'r4', 'y1', 'z3', 'e7', 'p4', 'u8', 'm9', 's7', 'd5', 'h8', 'c4', 'h4', 'y6', 'l6', 'b3', 'o9', 'd4', 'e9', 'e1', 'l4', 'i0', 's1', 'o0', 's0', 'r6', 'y8', 'i4', 'd0', 'c7']
R:['i2', 'q4', 'n3', 's1', 'e2', 'b6', 'f2', 'j0', 'c6', 'i6', 'i1', 'y4', 'l9', 'd3', 'k1', 's0', 'b8', 'j3', 'j8', 'h5', 'c8', 'l7', 'z7', 't2', 'c4', 'p2', 't6', 'm1', 'y5', 'q8', 'g5', 'u9']
S:['j8', 'b2', 'i9', 'z6', 'f9', 'i5', 'x1', 't2', 'l0', 'r0', 'f5', 'g3', 'r7', 'n8', 'a7', 'm6', 'w1', 'p1', 'x0', 'p3', 'q4', 'g8', 'v2', 'x7', 'v5', 'j9', 'k9', 'f1', 'g4', 'z8', 's1', 't0']
R:['q8', 'd0', 'q3', 't0', 'a5', 'a1', 'h6', 't6', 'n4', 'k0', 'p5', 'n6', 'p9', 'l6', 'e0', 'g5', 'r8', 'k7', 'r6', 'c6', 'j7', 'e4', 'g4', 'w7', 'y6', 'h5', 'b1', 'u1', 'r2', 'j9', 'w0', 'b2']
S:['u3', 'h0', 'i5', 'l6', 's5', 'b8', 't8', 't2', 'a0', 'r3', 'v4', 'h9', 'u8', 'j2', 'n7', 'b0', 's1', 't0', 'p6', 'r1', 'y7', 'l5', 'j3', 'c3', 'x1', 'r6', 'i9', 'd7', 'u2', 'c9', 'a4', 't5']
R:['a1', 'w5', 't0', 'c3', 'r7', 'e2', 'q8', 't4', 'b1', 'h1', 'q4', 'x7', 'x2', 'i5', 'j2', 'e4', 'k0', 'k2', 'r1', 'u7', 'c0', 'a9', 'c2', 'y6', 'd3', 'g2', 'h5', 'u9', 'n4', 'e7', 'c8', 's0']
S:['w2', 'g0', 'a9', 'x0', 'k4', 'r3', 'k7', 'p2', 'q2', 'b6', 'z9', 'f9', 'c9', 'd6', 'z3', 'y8', 'z2', 'd9', 'i6', 'b5', 'i7', 'm2', 'r8', 'd8', 'l1', 'p3', 'q8', 'p1', 'y6', 'w9', 'm6', 'g8']
R:['v1', 'k5', 'u2', 'u9', 'k0', 'x3', 'r1', 't6', 'i8', 'c6', 'y6', 'i1', 'r8', 'g2', 'k8', 'i9', 'y3', 'b4', 'u3', 'g7', 'd5', 'p8', 'z5', 't9', 'w5', 'b6', 'b2', 'p4', 's9', 'p6', 'w1', 'y0']
S:['b3', 'q5', 'w5', 'w3', 'v1', 'c0', 's4', 'f1', 'r7', 'q0', 'q9', 'z1', 'g2', 'u8', 'z4', 'j5', 'b0', 'd5', 'd4', 'm1', 'a6', 'v7', 'l0', 'w9', 'l5', 'q3', 'y6', 'r4', 'p4', 'n5', 'r9', 'j2']
R:['h8', 'p0', 'k7', 'o6', 'r3', 'i5', 's9', 'a1', 's6', 'c3', 'c8', 's1', 'k5', 'd3', 'z3', 'y1', 'v8', 'e3', 'y4', 'c6', 'm2', 'g5', 'n2', 'r1', 'l7', 'i6', 'z6', 'p1', 'y3', 'g9', 't9', 'q3']
S:['i6', 'g0', 'u9', 'i3', 'c8', 'z1', 't9', 'e0', 'o9', 'x7', 'a8', 'z6', 'n0', 'w7', 'o1', 'u3', 'f5', 'm4', 'z3', 'k6', 'p4', 'k0', 'g1', 'j2', 'o5', 'c3', 'd5', 'r9', 'b4', 'p8', 'p1', 'd7']
R:['l6', 'p4', 'k2', 'e0', 'g6', 'p1', 'b4', 't1', 'b9', 's0', 'k5', 's1', 'i9', 't8', 'r2', 'm6', 'i5', 't7', 'z2', 'o3', 'u5', 'l7', 'x6', 'p9', 'b1', 'w1', 'd0', 'y4', 'o6', 'y0', 'i1', 'z7']
S:['l9', 'w9', 'f8', 'y4', 'r2', 'e9', 'z7', 'f1', 'r9', 'n4', 'r7', 'd8', 'h6', 'v1', 'z5', 'f2', 'w2', 'i7', 'z0', 'i2', 'g9', 'h2', 't0', 'z4', 'h0', 'c0', 'h4', 'i6', 'c5', 'u9', 'y2', 'e8']
R:['p8', 'c6', 'm6', 'k0', 'z2', 'y3', 'n3', 'w2', 'f3', 'c1', 'p3', 'x9', 's1', 'k5', 'b0', 'f8', 'a7', 's8', 'm8', 'j8', 'i2', 'k7', 't6', 't2', 'h3', 'p0', 'd3', 't0', 'i9', 'y1', 'p4', 'l1']
S:['w4', 'x2', 't4', 'g1', 'j9', 'k8', 'f7', 'y4', 'p5', 'd3', 'k5', 'c0', 'c8', 'c4', 'l4', 'h2', 'n2', 'c1', 'v8', 'c9', 'z9', 'e2', 'v4', 'g7', 'a9', 'r7', 'c3', 'o6', 'j5', 'h0', 'i9', 'h6']
R:['z7', 'r1', 'h2', 'p1', 'x2', 'i9', 'e9', 'a6', 'm0', 't0', 's8', 'c2', 'b6', 'c0', 'm2', 'p4', 'l9', 'i5', 'h6', 'o6', 'o7', 'v1', 'c8', 'g8', 'h3', 'e2', 'm1', 'c6', 'z5', 'l6', 'z8', 's1']
S:['a4', 'v1', 'w3', 't1', 'f7', 'u5', 'b0', 'v4', 'f6', 'f8', 'i9', 'y4', 'u7', 'w1', 'o5', 'u8', 's1', 'k9', 'm8', 'h8', 'y9', 'b8', 'd5', 'o4', 'f5', 'u1', 'q0', 'g5', 'g1', 'j1', 'z3', 'j4']
R:['q5', 'p1', 'p2', 'c4', 'g5', 'k8', 'w8', 'b6', 'p6', 'm8', 'b8', 'c6', 'h2', 'i2', 'm2', 'h7', 'm5', 'e9', 'b3', 'y4', 'm6', 'f2', 'h5', 'c8', 'd0', 'n6', 'i5', 'n3', 'o6', 'r2', 't6', 'p4']
S:['y0', 'k1', 'v5', 'f0', 'u8', 'v4', 'p0', 'w7', 't5', 'l9', 'b3', 'k2', 'j4', 'j5', 'v7', 'b9', 'd6', 'j1', 'p6', 'y6', 'y9', 'g0', 's1', 'r9', 'c9', 'z2', 'p9', 'x7', 'w8', 'i2', 'j9', 'o3']
R:['k2', 'd3', 'f2', 'z5', 'o3', 'u4', 'k5', 's0', 'g2', 'c2', 'c3', 'w7', 'x9', 'b1', 'e0', 'u2', 'r1', 'n3', 't4', 'c4', 'l6', 'h3', 'p4', 'y5', 'x2', 'p0', 'k8', 'u1', 'e1', 'b8', 'g1', 'n6']
S:['r7', 's2', 'i9', 'u0', 'f7', 'n9', 'u5', 't9', 'o8', 'o1', 'v6', 'g7', 'k5', 'l2', 'p0', 'k1', 'c5', 'b4', 'f2', 'k6', 'u2', 'j6', 'w2', 'y8', 'y6', 'z4', 'x1', 's1', 'j7', 's9', 'g4', 'e4']
R:['h2', 'i3', 's7', 'l5', 'u1', 'x2', 'o3', 'k5', 'c4', 'n7', 'c8', 'c6', 'n4', 'i5', 'q5', 'y9', 'i9', 'p4', 't9', 'p0', 'c2', 'i2', 'j2', 'f3', 'u4', 'w0', 'b1', 'k0', 'k2', 'n3', 'd8', 'z0']
S:['f0', 'x8', 'k8', 'i1', 'w2', 'o6', 'm1', 'm3', 'l7', 'n0', 's1', 'e3', 'b3', 'p0', 'u4', 's5', 'b0', 'r7', 'd9', 'c6', 'g2', 'p1', 'v1', 'r4', 'x5', 'z5', 'w7', 'u1', 'p4', 'v6', 'y9', 's3']
R:['k6', 'j2', 'k0', 'z7', 'w0', 'm6', 'e4', 'l7', 'c4', 'l1', 'v1', 's0', 's1', 'i1', 'u4', 'o8', 'b6', 'b1', 'i3', 'r1', 'z3', 'v7', 'p2', 'h7', 'f2', 'm0', 'k5', 'm2', 'c6', 'k8', 'n6', 'q8']
S:['s7', 'g9', 'h2', 'w6', 'c4', 'l8', 'b0', 'c3', 's0', 'v2', 'v8', 'u2', 'l9', 'd1', 't2', 'z6', 'j5', 'x9', 'x3', 'n8', 'r9', 'x0', 'a0', 'w2', 'k7', 'h3', 'g6', 'r8', 'q2', 'd6', 'p3', 'u3']
R:['x2', 'u9', 'm2', 'e2', 'b2', 'i3', 'm6', 'j8', 's0', 'z0', 'x9', 'p0', 'y6', 'm0', 'y4', 'k1', 'k8', 't6', 'a6', 'h9', 'p6', 't8', 'r2', 'p4', 'i9', 'p5', 'n6', 'g5', 'b6', 'l5', 'u5', 'k7']
S:['v8', 'x5', 'k0', 'b0', 'r6', 'f3', 'e7', 'l4', 'a1', 'v6', 'd8', 'k1', 'x1', 'o6', 'e4', 'i1', 'n2', 'v2', 'g2', 'e0', 'g8', 'a7', 'f5', 'a2', 'l8', 'e1', 'n0', 't6', 'l5', 'c5', 'e3', 'f0']
R:['m6', 'j2', 'i2', 'd2', 'u4', 'b1', 's7', 'k8', 'z8', 'q2', 'r8', 's1', 'q3', 'j6', 'u3', 't2', 'q4', 'd0', 'y3', 'y6', 'h7', 'j0', 'c1', 'q0', 'm0', 'y2', 'e1', 'e7', 'c4', 'h2', 'r6', 'k0']
S:['l2', 'w1', 'r8', 's7', 'e9', 'a4', 'x2', 'n0', 'c0', 'z4', 'j6', 't7', 'i3', 'y8', 'e2', 'q6', 'f1', 'a5', 'e3', 'g5', 'o1', 'n2', 'p6', 'm9', 's9', 'n1', 'a2', 'u2', 'o2', 'r0', 'i7', 'h1']
R:['b6', 'x2', 'k7', 'o6', 'w3', 'l1', 'd3', 't6', 'r1', 'r2', 'p6', 'm1', 'u9', 'c2', 'e2', 'u4', 'z0', 'k1', 'n3', 'w0', 'l9', 'n7', 'a1', 'l5', 'e3', 'm6', 'p4', 'i8', 'k2', 'v2', 'e1', 'w2']
S:['o0', 'x6', 'r3', 'k1', 'n1', 'i9', 'z4', 'g7', 'a2', 'z7', 'h2', 'b3', 'b4', 'z5', 'l1', 'e9', 'o6', 'o2', 'u9', 'd2', 'm6', 'f5', 'k9', 'd9', 'r1', 'd5', 'v8', 'w6', 'c5', 'f4', 'w8', 't8']
R:['i2', 'i9', 'q3', 'z3', 'w3', 'w5', 't2', 'x0', 's8', 'u7', 'o6', 's7', 'u3', 'j3', 'z2', 'b1', 'r2', 'd0', 'z8', 'm6', 'i6', 'k0', 'x7', 'p1', 'p4', 'b6', 's1', 's0', 'f2', 'w2', 'c8', 'g2']
S:['x1', 'm8', 'x6', 'k7', 'p5', 'n9', 'c8', 'j0', 'j7', 's1', 'q9', 'u3', 'y4', 'e8', 'u0', 't5', 'n6', 'h2', 'e7', 'f1', 'z6', 'n8', 'b1', 'n4', 't3', 'j5', 't6', 'i3', 'p9', 'x4', 't1', 'f7']
R:['r6', 'm0', 'l7', 'y3', 'k2', 'r4', 'z7', 'h3', 'h6', 'x0', 'k7', 't1', 'p4', 'v2', 'i9', 'h2', 't2', 'y9', 'v8', 'l5', 'n4', 'j8', 'b8', 'y4', 'e6', 'r1', 's0', 'f0', 'n2', 'q8', 'm5', 'y2']
S:['e1', 'e4', 'v6', 'x6', 'g5', 'x8', 'k0', 'w2', 'w1', 'o3', 'm2', 'o9', 'o6', 'y9', 'm1', 'x7', 'q9', 'o7', 'd4', 'r4', 'e6', 'q1', 'l0', 'l9', 't1', 'u0', 'p2', 'u6', 'm3', 'k4', 'z1', 'g6']
R:['b1', 'y0', 't3', 'h9', 'c4', 'e0', 'c6', 'g5', 'v2', 'f2', 'j8', 'p4', 'u3', 'o1', 'b6', 'c3', 'k2', 'p8', 'v7', 'r1', 'd1', 'l1', 'd0', 'h3', 'a1', 'b9', 'n6', 'p1', 'f3', 'r8', 'o5', 'u4']
S:['x8', 'b4', 'n9', 'c2', 't5', 'n3', 'c8', 'r3', 'e8', 'w6', 'o1', 'u0', 'k5', 'f6', 'y9', 'v2', 'j9', 't4', 'k9', 'x4', 'p0', 'a1', 's2', 't3', 'l3', 'w1', 'c3', 'x7', 'g2', 'j1', 'r5', 's8']
R:['n1', 'f2', 'u1', 'w7', 'd3', 't8', 't1', 'i5', 'm5', 'o1', 'j8', 'r1', 's0', 'h7', 'c1', 'c8', 'j2', 'y4', 'i9', 'z9', 'o3', 'q5', 's1', 'r2', 'v2', 'u9', 'k9', 'c4', 'g5', 'o7', 'j7', 'r4']
S:['s8', 't0', 'e5', 'u4', 'b0', 'g7', 'd7', 'b1', 'f1', 'u0', 'e2', 'j6', 'z1', 'g9', 'e1', 'f4', 'k7', 'y2', 'l7', 't4', 'l4', 'v9', 'g3', 'q4', 'b4', 'q3', 'w0', 'q0', 'z8', 'z9', 'o0', 'n9']
R:['q5', 'k0', 'g8', 'x6', 'i8', 's7', 'p1', 'j3', 'c4', 'w4', 'l7', 'z0', 'i6', 'q4', 'u4', 'k7', 'h3', 't6', 'i9', 'r6', 'c6', 'u3', 'f0', 'w0', 'j0', 'f8', 'e3', 'p4', 'f3', 'i5', 'z7', 'e0']
S:['b2', 't5', 'h7', 'i0', 'q5', 's0', 'l7', 'a7', 'z8', 'f8', 'v8', 'm3', 'p3', 'e3', 'j3', 'w9', 'f5', 'i2', 'w5', 'l9', 'b7', 'v1', 'k6', 'z9', 'w7', 'o8', 'f4', 'a6', 'p6', 'i4', 'j4', 'g3']
R:['u9', 'y4', 'l1', 't4', 'q2', 'r7', 'y6', 'j0', 'k0', 'd3', 'f3', 'n3', 'm8', 'i3', 'i6', 'p2', 'h3', 'i2', 'c8', 'p0', 'a5', 'q5', 'u4', 'x9', 't9', 'd0', 'e1', 'p4', 'p3', 'k2', 'b8', 'v0']
S:['e6', 'i2', 'c0', 'v0', 'u8', 'y2', 'h0', 'b0', 'r0', 'i4', 'x4', 'x1', 'm3', 'c2', 'z1', 'w6', 'e7', 'a4', 'y6', 'd1', 'l7', 'o7', 'm1', 'q6', 'z6', 'q9', 'v7', 'c4', 'c1', 'd0', 'l3', 'c6']
R:['p4', 't2', 's1', 'y4', 'y6', 'b9', 'n3', 'm2', 'p9', 'w4', 't1', 'u1', 'd1', 'a1', 'm5', 'a6', 'h7', 'e7', 'r3', 'p2', 'k2', 'x2', 'e4', 'o6', 'e1', 'g5', 'k0', 'l1', 'e2', 't6', 't0', 'x3']
S:['d2', 'd1', 'z2', 'y5', 'k0', 'v1', 'e7', 'w5', 'x0', 'u4', 'p0', 't0', 's8', 'u1', 'p8', 'x4', 'q8', 'a2', 'e3', 'n7', 'o3', 'j2', 'f6', 'w1', 'o7', 'l3', 'e4', 'u3', 'l0', 'h0', 'b9', 't4']
R:['o8', 't6', 's0', 'm5', 'p1', 'u4', 'w5', 'j0', 'u7', 'z5', 'e2', 'w0', 'm0', 'n3', 'h3', 'g5', 'p6', 'x3', 'e1', 't2', 'y6', 'b2', 'u1', 'i5', 'p2', 'f2', 'h2', 'c8', 'z3', 'e0', 'a1', 'k0']
S:['w6', 't0', 'u3', 'n8', 'h0', 'm4', 'l5', 'l1', 's9', 't7', 'l6', 'f9', 'r6', 'h4', 'g4', 'm0', 'i7', 't9', 'h6', 't2', 'j5', 'u5', 'h7', 'c4', 'd9', 'f2', 'n1', 'n2', 'e6', 'g1', 'h2', 'a6']
R:['p8', 'c8', 'f3', 'r2', 'd2', 'r1', 'y6', 'k7', 'y4', 'q4', 'e2', 'g2', 'm1', 'b3', 'e6', 'p4', 'w4', 'l9', 'i2', 'd8', 'q3', 't9', 'a1', 'm6', 'i1', 'z7', 'u4', 't6', 'l6', 'n7', 'l5', 'p1']
S:['o3', 'p5', 's8', 'x3', 'c8', 'h7', 'r1', 'u5', 't3', 'f8', 'k1', 'w6', 'o4', 'z9', 'r0', 'x8', 'c2', 'g7', 'e1', 'b0', 'l6', 'z5', 'a3', 'u6', 'i6', 'd4', 'b9', 'z4', 'j9', 'g5', 'e6', 'r4']
R:['b6', 'f2', 'm0', 'z7', 'y4', 'm2', 'a1', 'u3', 'g5', 'z8', 'h3', 't1', 'c4', 'a7', 'i8', 'n2', 'm8', 'o1', 'u4', 'i2', 'z2', 'p0', 'b1', 'y0', 'j7', 'd3', 'b3', 't0', 'u7', 'x2', 't9', 'm6']
S:['q7', 'c1', 'v6', 'k8', 'z2', 'y5', 'g4', 'm3', 'r1', 'j2', 'k4', 'v9', 'd7', 'c5', 'j0', 'f0', 'd0', 'e8', 't8', 'b4', 'i0', 'q4', 'm0', 'l3', 'p3', 'v3', 't9', 'm9', 'p8', 'o2', 'b2', 'j7']
R:['c8', 'w0', 'y1', 'j3', 'x0', 'm5', 'e0', 'l6', 'u7', 'o6', 'h3', 'y3', 'i2', 'w5', 'd9', 'p6', 's2', 'k8', 'i5', 'j7', 'd5', 'x6', 'x7', 'c1', 'y9', 'z5', 'a5', 't2', 'u4', 'f2', 's1', 'x9']
S:['o3', 'g2', 'f1', 'f3', 'h8', 'i7', 't4', 'y7', 'd3', 'x5', 'k9', 's2', 'v4', 'i0', 'w9', 'd1', 'a1', 'z0', 's6', 'a0', 'f9', 'a4', 'j5', 'k1', 'g5', 'k2', 'z8', 't8', 'h1', 'k5', 's0', 'r7']
R:['k8', 'y5', 'j2', 'y3', 'o3', 'u4', 'd3', 'c1', 'k2', 's8', 'v2', 'r2', 'e0', 'k7', 'k0', 'l1', 'f2', 'y6', 'm2', 'x2', 'o7', 'h5', 'i5', 'b6', 'j8', 'b8', 'z7', 'p8', 'r6', 'i9', 'p3', 'x7']
S:['h1', 'u5', 'c9', 'z4', 'j6', 'u0', 'f5', 'j0', 'j8', 'q6', 'c3', 'q8', 'm4', 'v2', 's4', 'c5', 'o3', 's6', 'q2', 'z5', 'd2', 'd9', 'v5', 'y5', 'y6', 'w8', 'b6', 'v3', 'x0', 'c0', 'u1', 'n1']
R:['p4', 'c8', 'w8', 'u1', 'i1', 'z0', 'r2', 'n3', 'v1', 'w4', 'r1', 'k2', 'e0', 'h5', 'u7', 'u4', 't6', 't2', 'b2', 'y1', 'd0', 'z3', 't8', 'p6', 'b3', 's1', 's9', 'b8', 'h3', 't1', 'm5', 'q3']
S:['u2', 't8', 'i7', 'y0', 'x9', 'p7', 'n8', 'a5', 'u6', 'l4', 'g1', 'r0', 'p3', 'l8', 'v5', 'f5', 'k2', 'x3', 'e9', 'c8', 'q5', 'e6', 'i1', 'j3', 'd7', 'g0', 'v4', 'c1', 'x0', 'm7', 'n1', 'm5']
R:['c4', 'x7', 'o6', 'v4', 'y5', 'm0', 'x2', 't1', 'c2', 'r2', 't0', 'i3', 'h7', 'l1', 'i1', 'g8', 'w1', 'w4', 'd2', 'd0', 'x9', 'w2', 'j8', 'u7', 'x6', 'o3', 'z8', 'c8', 'e1', 'u1', 'y0', 'u9']
S:['g7', 'n3', 'y2', 'g8', 'o0', 'l9', 's8', 'l4', 'f4', 'u3', 's1', 'y8', 'f3', 'q9', 'q5', 'a8', 'e7', 'e5', 'p3', 'j2', 'j3', 'o1', 'h8', 'x1', 'x2', 'm3', 'x5', 'p1', 'j7', 'm2', 't8', 'b6']
R:['i5', 'u4', 'c2', 'l1', 'y9', 'n4', 'z3', 'k5', 'x2', 'v8', 'e6', 'b6', 'z7', 'n3', 't0', 'j3', 'j0', 'e1', 'q3', 'r7', 'k6', 'x9', 'c4', 'n6', 'p1', 't2', 'r8', 'e0', 'g8', 'c1', 'y6', 'p0']
S:['a8', 'i8', 'r5', 'i6', 'a2', 'a1', 's1', 'y1', 'k0', 'd8', 'u8', 'z7', 'z8', 'e9', 'x7', 'x0', 'v4', 'f7', 'd3', 'e8', 'k7', 'e5', 'q9', 'k3', 'p7', 'b0', 'q4', 's6', 'w5', 'y7', 'c1', 'k9']
R:['k0', 'c4', 'c1', 'w4', 'y4', 'c8', 't6', 'z3', 'z2', 's1', 's6', 'o6', 'a9', 'f3', 'q8', 'm2', 'q4', 'p4', 'p1', 't0', 'h5', 'h4', 'z9', 'f2', 'w7', 'u7', 's0', 'j8', 'v8', 'c2', 'i9', 'e0']
S:['k8', 'c1', 'b8', 'y1', 'c8', 'b4', 'a6', 'i0', 'm7', 'z1', 'c6', 'o6', 'o5', 'u8', 'x9', 'g7', 'x6', 'k9', 'v1', 'n6', 'w1', 'h9', 'f3', 'g2', 's8', 'n3', 'y6', 'j6', 'o4', 'l7', 'k3', 'f4']
R:['c8', 'n3', 'b9', 'd3', 'x2', 'n9', 'e1', 'g6', 'e4', 'b6', 'n4', 'p1', 'j8', 't9', 'y9', 'y6', 't0', 'i9', 'y4', 'j6', 'n1', 'g5', 'q5', 'f2', 'h1', 'b2', 'b1', 'v1', 'q4', 't1', 'j2', 'z0']
S:['u0', 'q8', 'p2', 'o4', 'f5', 'b1', 'x7', 'n7', 'w5', 'w2', 'd1', 'b7', 't2', 'y7', 'k5', 'x3', 'o5', 'r3', 't7', 'i9', 'l9', 'k8', 'p0', 'g3', 'y1', 'f8', 'h5', 'z2', 'w9', 'k2', 'o0', 'r2']
R:['n6', 'w4', 'j8', 'a9', 'w5', 'q4', 'y5', 'i3', 'a1', 'p4', 'r1', 'm3', 'z6', 'e0', 'o8', 'v1', 'y6', 'q5', 'b6', 'v0', 'p0', 'e1', 'k8', 'b1', 'j3', 'i5', 'h9', 'z5', 'e5', 'c8', 'p3', 'k1']
S:['p0', 'd1', 'y6', 'u0', 'v6', 'e9', 'p4', 'i2', 'u7', 't3', 's0', 'g6', 'f9', 'y3', 'j1', 'v0', 'p8', 'b5', 'n3', 'w8', 'h6', 'a8', 'k5', 'u2', 'r1', 'p1', 'g4', 'u6', 'q8', 'l8', 'q0', 'o1']
R:['v2', 'r2', 'u9', 'b8', 'u7', 'x9', 'i2', 'y4', 'k0', 'b9', 'n1', 'u1', 'p8', 'x0', 'i3', 'd2', 'y0', 'o7', 'y6', 'c2', 'j8', 'j7', 'l9', 'b6', 'o3', 'c8', 'k5', 'e0', 'g5', 'p4', 't9', 'n7']
S:['m6', 'r3', 'y3', 'x8', 'c2', 'v8', 'j6', 'y8', 'z1', 'a7', 'e2', 'c9', 'x9', 'o9', 'o6', 'e7', 'z4', 's5', 'h9', 'q0', 'a6', 'e6', 'j3', 'v0', 'p6', 'o8', 'g9', 'u7', 'q4', 'h0', 't0', 'p5']
R:['i1', 'm0', 'p0', 'i2', 'z8', 'p1', 'r7', 'h7', 'y4', 'u9', 'n9', 'd3', 'e2', 'v1', 'k0', 'f8', 'w0', 'w8', 'e5', 'z0', 't6', 'n4', 'c6', 'o1', 'g5', 'd9', 'q2', 'u4', 't8', 'b1', 'j8', 'b6']
S:['m7', 'p9', 'n7', 'o4', 'h5', 'j9', 'v9', 'd7', 'a8', 'w3', 'y9', 'o3', 'f1', 'w4', 'r5', 'q8', 's1', 'n6', 'j2', 'm3', 'k4', 'z9', 't0', 'u5', 'o5', 'i5', 'i1', 'y0', 'k2', 'w1', 'z6', 't5']
R:['u7', 'h7', 'k0', 'x6', 'm5', 'i5', 'e1', 't4', 'b1', 'k2', 'h3', 'e5', 'y5', 'm3', 'x3', 'n6', 'c4', 'k8', 'k7', 'f3', 'j3', 'n7', 'b6', 'w3', 't6', 'q5', 'l5', 'j7', 'g5', 'u9', 'q8', 'y3']
S:['y2', 'w5', 'j4', 'a5', 'a7', 'r6', 'd7', 'c9', 's4', 'k5', 'p0', 's0', 'p5', 'y5', 'a2', 'r7', 'm3', 'r8', 'r3', 'n7', 'd2', 'b5', 'u8', 'z0', 'r0', 't8', 'h3', 't2', 'o6', 'n6', 'w3', 's8']
R:['f2', 'b6', 'b8', 'v4', 'e0', 'q2', 'w4', 's8', 'h9', 'k0', 'c4', 'y9', 'z6', 't6', 'y3', 'b1', 'w5', 'u1', 'm0', 'r1', 'd3', 'e1', 'j2', 'p6', 'n7', 'a1', 'i6', 'l9', 'h3', 'y1', 'o7', 'p5']
S:['t5', 'm0', 'i6', 'e3', 'r5', 'w8', 'd6', 'c6', 'z0', 't6', 'y8', 'b7', 'z3', 'h4', 'p2', 'm4', 'i0', 'y1', 'l9', 'o5', 'h6', 'x2', 'r7', 'x9', 'h8', 'm7', 'n6', 'q5', 'i5', 'n3', 'u8', 'j8']
R:['d3', 'o5', 'i2', 'i3', 't6', 'n1', 'y9', 'n7', 'c8', 's8', 'g6', 'b8', 'y2', 'z0', 'g4', 'b1', 'j8', 'm1', 'b6', 'j3', 'v0', 'p8', 't7', 'b4', 'e5', 'm0', 'c4', 'n3', 't4', 'm2', 'u2', 'y0']
S:['w3', 'y7', 'b2', 'n7', 'o7', 'i9', 'v5', 'y0', 'j4', 's2', 'b9', 'b7', 'y5', 'u5', 't3', 'd6', 'd8', 'e1', 'w5', 'e5', 'f6', 'l4', 'k9', 't0', 'e6', 'a9', 'x0', 'h0', 'q0', 'c3', 'd4', 'z9']
R:['q3', 'i8', 'm5', 'k2', 'n7', 'g7', 'k0', 'c0', 'c8', 'n2', 'p2', 'a9', 't6', 'o1', 'p0', 'u2', 'f4', 'e3', 'g8', 'b2', 'v0', 'c3', 'z7', 'y3', 'e1', 'j8', 'w3', 'j0', 't0', 't3', 'u4', 'z6']
S:['u3', 'r1', 'i5', 's7', 'h0', 'g9', 'v2', 'g8', 'c9', 'i1', 'w9', 'o9', 's4', 'w7', 'n6', 'u6', 'l3', 'r8', 's1', 'd2', 's8', 'v7', 'x1', 'z6', 'r7', 'z7', 'r9', 'a8', 'm3', 's6', 'k7', 'j2']
R:['s8', 'b6', 'z3', 't0', 'g5', 'l5', 'c4', 'e0', 'k2', 'r2', 'k0', 'h9', 'l1', 'r1', 'x2', 'e1', 'i5', 'k5', 'y0', 't4', 'e2', 'k8', 'q4', 'm5', 'e7', 'e6', 'f0', 's9', 'i9', 't6', 'p1', 'x9']
S:['a9', 'g3', 'i3', 'e0', 'r4', 'r6', 'q0', 'z0', 't8', 'k9', 'd7', 'd2', 'f4', 'c2', 'm9', 'h9', 's0', 'u2', 't6', 'h3', 'r3', 'z8', 'q3', 'm0', 'v1', 's4', 'n3', 't3', 'x3', 'u3', 'o2', 'q1']
R:['k0', 'x7', 'u4', 'n2', 'y1', 'n1', 'k8', 'z7', 'z5', 'n6', 'a1', 'k1', 'q4', 'j3', 'y4', 's2', 's0', 'h5', 'd0', 'f2', 'u9', 't0', 'x6', 'e4', 'i6', 'z8', 'o1', 'd3', 'g5', 'r1', 'b8', 'e0']
S:['y8', 'h4', 'h8', 'v9', 'p7', 'r0', 'l1', 's0', 'z3', 'm1', 'w2', 't6', 'x4', 'b8', 'h5', 'y3', 't8', 'b2', 'b9', 'g0', 'k6', 'r6', 'c2', 'm6', 'k2', 'y6', 't1', 'q3', 'k1', 'a0', 'o2', 'c9']
R:['k0', 'm3', 'b8', 'y2', 'q4', 'x7', 'e1', 'h3', 'u1', 'a5', 'n6', 'c3', 'c8', 'i3', 'u9', 'r6', 'p0', 'b6', 'g2', 'u4', 'j8', 'i2', 'e5', 'v1', 's2', 'g1', 'n7', 'f2', 'k8', 'm6', 't9', 'y0']
S:['t7', 'n8', 'j6', 'r7', 'u4', 'p4', 's0', 's8', 'g9', 'x7', 'a0', 'd6', 'r9', 'u9', 'b6', 'a4', 'm9', 'd2', 'x3', 'u0', 'p9', 'l0', 'h3', 'j7', 'q3', 'b8', 'k1', 'h9', 'd0', 'h1', 'f5', 'm6']
R:['r6', 'n9', 'c4', 'v2', 'e7', 'd0', 'k1', 'z2', 'p1', 'u4', 'c8', 'g5', 'n4', 'x0', 'r1', 'p2', 'k5', 'z8', 'p4', 'h9', 'h1', 'u7', 'q3', 'w7', 'p6', 'l7', 'c6', 'm0', 'b8', 's8', 'u9', 'k7']
S:['n0', 'j0', 's1', 'q5', 'k4', 'e8', 'k7', 'c6', 'h4', 'y7', 'l7', 'd9', 'f4', 'd7', 'q0', 'm4', 'i0', 'l8', 'n8', 'n4', 'h7', 'n1', 'i4', 'y6', 'g6', 'y8', 'e1', 'r1', 'g0', 'q1', 'h9', 'v2']
R:['e4', 'n9', 'p4', 'f0', 'i6', 'a9', 'w1', 'u4', 'c4', 'm5', 'f2', 's9', 'u9', 'i9', 'q4', 'k7', 't9', 'y1', 'o7', 'n3', 'b9', 't7', 'i1', 'n6', 'r2', 'j2', 'i2', 'u3', 'i3', 'k0', 'f3', 'y4']
S:['h7', 'o1', 'x0', 'o6', 'j5', 'n9', 'p4', 'm3', 'b7', 'w5', 'o5', 'n8', 'u3', 'a8', 'r9', 'n2', 'k6', 'd8', 'c9', 'e3', 'h8', 'c8', 'k5', 'x3', 'a0', 'i5', 'z7', 'e4', 'd3', 'y2', 'f1', 's6']
R:['b1', 'w4', 'q5', 'f3', 'p4', 'z6', 't1', 'l7', 'q0', 'i6', 'k0', 'e6', 'm2', 'z8', 'v1', 'r6', 'b2', 'z3', 'h5', 'b6', 'j0', 'y9', 'c2', 'i5', 'k7', 'k2', 'j8', 'k5', 'd3', 'e1', 'c8', 'y3']
S:['z5', 'c1', 'r6', 'o9', 'w7', 'r3', 'n6', 'a6', 'f0', 'z8', 's4', 'v8', 'c5', 'n3', 'c8', 'x9', 'i4', 's8', 'n4', 'v4', 'c3', 'q7', 'e9', 'w0', 'j0', 'v7', 'q1', 'i3', 'r2', 'x8', 'l4', 'w2']
R:['e1', 'i1', 'n6', 'j0', 'u4', 'c4', 'k8', 'y6', 'y1', 'c6', 'c2', 'd9', 'm0', 'i9', 'b0', 'j8', 's1', 'k0', 'a1', 'm5', 'z7', 'x2', 'z0', 'd0', 'w5', 'y9', 't6', 'p2', 'h6', 'v7', 'z8', 'c0']
S:['d5', 'g1', 's8', 'd8', 'w9', 'v4', 's9', 'c1', 'x1', 's0', 'v8', 'd0', 'x8', 'c4', 'n0', 'j9', 'l0', 'w7', 'y6', 'z4', 'n3', 'y0', 'a4', 't8', 'y2', 'z6', 'j4', 'o3', 'g9', 'k0', 'w8', 'r8']
R:['l6', 's9', 'p9', 'p4', 'n3', 'p1', 'e1', 'x7', 'y6', 'k2', 'd3', 'x2', 't6', 'u9', 'h3', 'n6', 'p2', 'b8', 'm6', 'e7', 'h9', 'f8', 'c2', 'e0', 'h2', 'x0', 'w4', 'f3', 'o6', 'm5', 'a6', 'a1']
S:['t4', 'm5', 'm3', 'v5', 'y8', 't2', 'w7', 'w8', 'l4', 'u1', 'u8', 'd3', 'u3', 'a6', 'p4', 'z5', 'o1', 'h9', 'g1', 'n2', 'n7', 'm1', 'd4', 'k3', 'q6', 'p2', 'b8', 'e6', 'w9', 'f9', 'n9', 'q9']
R:['l9', 'y3', 'n3', 'b8', 's6', 'p2', 'm6', 'z3', 'p3', 'a1', 'c8', 'd1', 'j8', 'e6', 'h1', 'o1', 'n9', 'g8', 'u1', 's1', 'p8', 'y6', 'c3', 'd9', 'p1', 'd3', 'z7', 'o5', 'k9', 't1', 'm0', 'q5']
S:['q9', 'o9', 'd0', 'u5', 'g5', 'x2', 'r7', 'q7', 'r4', 't7', 'm8', 'z8', 'm6', 'e7', 'i3', 'y8', 's6', 'g4', 'a1', 'v9', 'g1', 'h4', 'b4', 'c0', 'n5', 'l7', 'i7', 'r5', 'd5', 'u4', 'u7', 'q1']
R:['z9', 'v8', 'b3', 'b8', 's9', 'r1', 'a1', 'h5', 'h9', 'p2', 'q8', 'o6', 't2', 'j3', 'w4', 'k0', 'c4', 'f2', 'i2', 'p1', 'q5', 'e0', 'i9', 'l7', 'k2', 'k6', 's8', 'g9', 'i3', 'u9', 'j0', 'd8']
S:['e2', 'l9', 'x1', 'a6', 'f1', 'q2', 'x9', 'w3', 'y1', 'k6', 'p4', 'v5', 'a2', 'i8', 'w6', 'n6', 'z8', 'a0', 'k0', 'l6', 'n9', 'y4', 'v4', 'e6', 'v9', 'z9', 'g7', 'k1', 'n5', 'l4', 'z0', 'a3']
R:['z6', 'k8', 'i8', 'i2', 'x2', 'i1', 'c2', 'q5', 'e1', 'h5', 'p4', 'u9', 'c1', 'e7', 'h3', 'd9', 'n4', 's0', 'm5', 'r6', 'h2', 'a1', 'l7', 'u1', 'g8', 'p8', 'e0', 't6', 'k7', 'k2', 'q8', 's1']
S:['q4', 'x1', 'd9', 'o3', 'k3', 'b9', 'y3', 's3', 'v4', 'u4', 'b8', 'c0', 'a6', 'i3', 'y1', 'a0', 'b6', 'j3', 's2', 'u5', 'c6', 'a2', 'm6', 'o0', 'n7', 't9', 'l2', 'f2', 'v1', 'k9', 'c1', 'b2']
R:['h4', 'd9', 'f2', 'r1', 'j8', 'e5', 'm2', 'r7', 'i1', 'n7', 'j2', 'p0', 'h1', 's1', 'o7', 's8', 'w0', 'k2', 'j3', 'e7', 'o6', 'h5', 'u4', 'y4', 'k0', 'n4', 'a1', 'f4', 'q3', 'l1', 'c2', 'm6']
S:['v8', 'm6', 'p2', 'w5', 'r7', 'z5', 's3', 'b6', 'g0', 'p9', 'u0', 'm7', 'w1', 'c5', 'v1', 'b0', 'e6', 'w9', 'e3', 'a0', 'b4', 'p1', 'v3', 'x9', 'v2', 'f6', 'h6', 'b1', 'o0', 'l8', 'n3', 'y9']
R:['s8', 'z8', 'n1', 'd3', 'e7', 'n7', 'c4', 'p3', 'g1', 'j8', 'k5', 'j7', 'o6', 's1', 't2', 'p4', 'd2', 'z6', 'u9', 'z0', 'u4', 'k0', 'm2', 'x0', 'o5', 'y6', 'n3', 'n6', 'r1', 'k2', 'c6', 'l7']
S:['x4', 'c6', 'v3', 'y4', 'g2', 'k1', 'q6', 'j4', 'q9', 'f4', 'x5', 'x1', 'y3', 'k3', 'i1', 's4', 'w8', 'd4', 'c7', 'h5', 's6', 'a6', 't9', 'n6', 'i8', 'p8', 'b4', 'p1', 'f9', 'u4', 'z5', 'c1']
R:['t0', 'k2', 'e4', 'v8', 'o0', 'w4', 'z7', 'h5', 'l7', 'w5', 't4', 'z8', 't6', 'i8', 'h8', 'z5', 'g5', 'y4', 'y9', 'u6', 'x0', 'u4', 'u1', 'r6', 'y6', 'p8', 'j2', 'b6', 'q4', 'j9', 'e7', 'b8']
S:['t3', 's1', 'r7', 'm3', 'x5', 'o0', 'b4', 's6', 'l5', 'n0', 'r8', 'w6', 'o9', 'e7', 'v1', 'h8', 'g9', 'l8', 'y4', 'b8', 'j4', 'j6', 'o1', 'e5', 'l3', 'v2', 'h7', 'g4', 'n4', 'q5', 'p1', 'd9']
R:['h5', 'm5', 'q8', 'k5', 'n4', 'u3', 'j0', 'i1', 't2', 'k8', 'p4', 't6', 's1', 'q3', 'm6', 'd2', 'y3', 't9', 'x0', 'y4', 'c6', 'r1', 'd8', 'z3', 'v2', 's7', 'h1', 'f2', 'h3', 'g5', 'j3', 'y6']
S:['g9', 'm0', 'w6', 'q8', 's7', 'a5', 'y9', 'y5', 'f0', 'n3', 'v6', 'd6', 'k2', 'q3', 't6', 'h7', 'y4', 'm6', 'l7', 'j0', 'b0', 'r9', 'b5', 't3', 'c0', 'm3', 'j1', 'u1', 'e5', 's2', 'd2', 't9']
R:['x3', 'q5', 'k8', 'i2', 'v2', 'l9', 'e9', 't0', 'f4', 'c8', 'n1', 'k0', 'u5', 'b6', 'z5', 'e2', 'm5', 'e3', 's8', 'j2', 'u2', 'c4', 'p6', 'm2', 'o3', 'l1', 'd2', 'k2', 'g5', 'i6', 'n6', 'y2']
S:['i2', 'l7', 'm6', 'a0', 'b1', 'w5', 'u1', 'q6', 'n1', 'o6', 'm2', 'z2', 'y3', 'h2', 't0', 'w0', 'c0', 't2', 'g4', 'd3', 'g3', 'm1', 'h8', 'a2', 'j3', 'l9', 'e7', 't9', 'c7', 's1', 'i9', 'z8']
R:['e1', 'x2', 't8', 'e5', 'k0', 'e2', 'r8', 's8', 'k2', 'z5', 's1', 't1', 'e9', 'k8', 'x9', 'j7', 'q4', 'm6', 'm2', 'l6', 'f3', 'q5', 'c4', 'p0', 'u4', 'z8', 'j0', 'r2', 'q3', 'y6', 'b6', 'j8']
S:['k9', 'f8', 'm8', 'f1', 'i6', 's3', 'n4', 'p8', 'r8', 'j3', 'x9', 'm6', 'f4', 'j1', 's0', 'u4', 's8', 'v8', 'f3', 'o9', 'a6', 'r9', 'r4', 'o2', 'l5', 'x2', 'w6', 'q3', 'c5', 'j9', 'k4', 'm5']
R:['m0', 'u9', 'b8', 'h5', 'y4', 'i1', 'u4', 'i9', 'x2', 'k8', 'z7', 'f2', 'd5', 's8', 't6', 'w3', 'k6', 'h9', 'c3', 'o3', 'c4', 'b4', 'l7', 'z0', 'j7', 'h6', 't0', 'm1', 'd9', 'k0', 'u5', 'r2']
S:['r1', 'l0', 'o1', 't9', 'u7', 'h6', 'g2', 'f7', 'j2', 'w4', 'o7', 'j4', 'v5', 'p8', 'x8', 's6', 'n1', 'u3', 'l1', 'b2', 'q3', 'c7', 't5', 'g4', 'l6', 'i5', 'c8', 'j3', 'y7', 'f4', 'q5', 'v4']
R:['l6', 'r4', 'u7', 'w5', 't1', 'g2', 'u1', 'h8', 'd8', 'p1', 'k2', 'i5', 'x2', 'h5', 's1', 'i3', 'a9', 'd3', 'i9', 'b1', 'z3', 'z8', 'e6', 't3', 'q4', 'i6', 'n7', 'p0', 'c2', 'u4', 'h2', 'r2']
S:['y5', 'p4', 'f1', 'g7', 'g3', 'n5', 'i3', 'r1', 'p8', 'e8', 'j6', 'b0', 'i2', 'd3', 'l4', 'f7', 'w4', 'd7', 'p6', 'x1', 'u3', 'c9', 'o7', 'v3', 'e5', 'h8', 't3', 'y0', 'o3', 'y1', 's9', 'u6']
R:['q8', 'l5', 'f3', 'y6', 's0', 'y4', 'k8', 'k2', 'm2', 'a1', 'c4', 'g2', 'u4', 's6', 'x6', 'e6', 'e7', 'm5', 'n2', 'k0', 'h6', 'v1', 'r2', 'l7', 's1', 'x2', 'e9', 'n4', 'u7', 't3', 'y0', 'j0']
S:['d5', 'e1', 'c0', 'j9', 'u4', 'q7', 'c8', 'p2', 'a3', 'v7', 'n1', 'v5', 's5', 'p1', 'j7', 'z4', 's2', 'h2', 'u1', 'm8', 'm1', 'k6', 'j8', 'h4', 'j4', 'a1', 'm5', 'c2', 'g4', 'c7', 'x7', 'l3']
R:['w0', 'j7', 'z7', 'h6', 'k2', 'x1', 'c1', 'o5', 'i2', 'g5', 'u4', 'j9', 'u1', 'p4', 'z8', 'e9', 'f2', 'l6', 'b8', 'k0', 'b1', 'i6', 'f4', 'm5', 'm0', 'x2', 'e1', 's1', 'u3', 'g4', 'z6', 'x0']
S:['l3', 'h4', 'w1', 'z0', 'i2', 'i9', 'u9', 't5', 'r8', 'b2', 'f5', 'r9', 'i1', 's6', 'p9', 'b7', 'u8', 'u1', 'f9', 'e8', 'a4', 'j0', 'j8', 'd9', 'd2', 'm1', 'h3', 'b1', 'z1', 'g1', 'h5', 'l8']
R:['r6', 'y9', 'p1', 'd3', 'u7', 'd2', 'g5', 'r4', 'u3', 'b9', 'j8', 't4', 'c3', 'u9', 'p6', 'a5', 'e0', 'd0', 'f2', 'u5', 't6', 'g4', 'z5', 'i2', 'c8', 'h5', 'l7', 'x9', 'b6', 's0', 'e9', 'm3']
S:['j2', 'g4', 'y5', 'v1', 'r7', 'r0', 'i2', 'v3', 'm9', 'z8', 'x8', 'w5', 'a0', 'j3', 'n3', 't3', 'j7', 'j4', 'r2', 'p2', 'w6', 'c5', 'e3', 'k4', 'k9', 's6', 'o7', 'x4', 'v0', 'h5', 'w8', 'q9']
R:['i9', 'b8', 'u4', 'f3', 'n7', 't3', 'v8', 'e7', 'e5', 'i5', 's1', 'c6', 'x9', 'c8', 'd8', 'n6', 'j8', 'n3', 'o5', 'm3', 'c1', 'k2', 'k0', 'r7', 'g5', 'p6', 'x0', 'e0', 'd3', 'y4', 'v2', 'm0']
S:['w0', 'i7', 't6', 'c9', 'z6', 'p6', 't9', 's5', 'u0', 'y8', 'j8', 'o8', 'm0', 'b9', 'o4', 'e4', 'x4', 'x7', 'x0', 'i5', 'x8', 'i6', 'q2', 'o1', 'p7', 'c4', 'z1', 'q8', 'p3', 't3', 'e0', 'c5']
R:['r1', 'l1', 'b8', 'g4', 'x1', 'n2', 'z7', 'y6', 'b6', 'k5', 'n3', 'u4', 'j0', 'j8', 'w4', 'k2', 't6', 'j3', 'z2', 'b1', 'v7', 'g2', 'e0', 's7', 's1', 'a5', 'p9', 'm1', 'c2', 'v1', 'b9', 'l6']
S:['t2', 'z3', 'i0', 'g8', 'j0', 'b9', 'c7', 'p0', 'c5', 'v6', 't5', 'g2', 'c9', 'p8', 'm9', 'm2', 'z0', 'l9', 'w5', 'l8', 'd2', 'c2', 'g5', 'r6', 'f5', 'u6', 'i5', 'r4', 'p2', 'x6', 'j8', 'f9']
R:['g9', 'd3', 't4', 'm5', 'v1', 'd0', 'h8', 'c4', 'i1', 'c6', 'r8', 'f2', 'p0', 'u7', 'z9', 'o5', 'y6', 'd2', 'r6', 'h3', 'w8', 'r2', 'o8', 'j0', 'z6', 'k2', 'k0', 'c8', 'm0', 'b6', 'c1', 'u4']
S:['g2', 'w1', 'f8', 'w7', 'f2', 'x8', 'x1', 'n1', 'p0', 'z8', 'y3', 'h1', 'g8', 'h0', 'b4', 'j9', 'v4', 'q5', 'a9', 'f9', 't5', 'v2', 'z3', 'r4', 'g5', 'c5', 'q7', 's5', 'e3', 't2', 'l8', 'o7']
R:['c2', 'p8', 'x9', 'j0', 'o6', 'k0', 'f3', 't0', 't4', 'c6', 'g7', 'j7', 'x1', 'n4', 'u1', 'v7', 'e0', 's1', 'd2', 'p2', 'x0', 'h8', 'd3', 's9', 'g9', 'e5', 'r2', 'i3', 'y6', 'h9', 'p5', 'x3']
S:['k4', 'p1', 'v8', 'o1', 'e1', 'l3', 'p7', 'g0', 'a5', 'd9', 'g3', 'w6', 'b0', 's6', 'b6', 'z0', 'h0', 'c1', 'z1', 'b8', 'l1', 'c7', 's3', 'n0', 'i1', 'y0', 'q2', 'u5', 'y7', 'v0', 'p8', 'm6']
R:['g5', 'u7', 'e2', 'f3', 'z8', 'n7', 'h1', 'w1', 'd5', 'i1', 'k6', 'b9', 'y6', 'd3', 'm2', 'a9', 'e1', 'q3', 'i2', 'h7', 'e0', 'k0', 't6', 'm6', 'u9', 'i9', 'g2', 'z7', 'e3', 'w5', 'j9', 'c2']
S:['k0', 'o3', 'l3', 'u5', 't9', 'b3', 's6', 'y8', 'y1', 'h2', 'u7', 'm9', 'x1', 'e2', 'q9', 'd3', 'b5', 'a9', 'v5', 'z6', 'e8', 'f9', 's5', 'p3', 'n8', 'y7', 's0', 'j5', 'b6', 'f4', 'x7', 'q4']
R:['n4', 'p9', 'y6', 'q3', 'b1', 'e0', 'p4', 'u9', 's6', 'v8', 't0', 'b8', 'w8', 'c3', 'y3', 's0', 'c8', 'j2', 'c1', 'p8', 'm2', 'j8', 'p6', 'm6', 'n3', 'h5', 'x1', 'w0', 'i6', 'h3', 'k0', 'b3']
S:['e5', 'm1', 'm6', 'o3', 'u7', 'm8', 'e6', 'u3', 'z6', 'f1', 'd4', 'a1', 'j2', 'o1', 'f5', 'b5', 'l2', 'e2', 'k4', 'v3', 'l6', 'c3', 'g5', 'l5', 'k8', 'o7', 'y5', 'z7', 'a8', 'o2', 'y9', 'i0']
R:['i5', 'l5', 'h5', 'b8', 'p1', 'x3', 'd0', 's8', 'w4', 'w3', 'k2', 't0', 'j8', 'l9', 'd5', 'l1', 'z3', 's1', 'f2', 'o1', 'k0', 'e0', 'e6', 'q3', 'c6', 't8', 'v1', 'k7', 'h7', 'c4', 'c2', 'i3']
S:['g0', 'f8', 'w9', 'k3', 'm1', 'n5', 'z2', 'y3', 'w1', 'm4', 'd9', 'w5', 'z5', 'n9', 'y0', 'h0', 'g7', 'y9', 'h7', 'i5', 'v5', 'q0', 's7', 'b1', 'a4', 'p4', 'y8', 'g8', 'a3', 's2', 'r2', 'x5']
R:['e2', 'l7', 'z5', 's7', 'c8', 'r8', 'n2', 'i1', 'q5', 'z6', 'n3', 's1', 't2', 'f4', 'u4', 'i6', 'm8', 'b0', 'a7', 'e3', 't7', 'x2', 'k2', 'g5', 's9', 'e1', 'b1', 'n6', 'q4', 'c3', 'b6', 'g1']
S:['b3', 'r1', 't3', 't9', 'h8', 'a1', 'l3', 'k4', 'v0', 'v3', 'n3', 'w8', 'a9', 'u5', 'r5', 'k5', 'z6', 'u3', 'v4', 'b9', 'q5', 'r0', 'y0', 'l0', 'w6', 'j4', 'o5', 'w5', 's5', 'c0', 'o1', 'e2']
R:['v2', 'k0', 'w4', 'n7', 'p1', 'g5', 'u9', 'r2', 'x1', 'q5', 'b8', 'e6', 't0', 'f3', 'e5', 'n1', 'u4', 'y4', 'l5', 'l6', 'b6', 'q4', 'g7', 'o7', 'e1', 's1', 'f2', 'k2', 'i3', 'e0', 'c1', 's0']
S:['c8', 'q9', 's3', 'a1', 'c3', 'n3', 'l2', 'o2', 'p9', 'h7', 'v3', 'e6', 's2', 'a6', 'p8', 'x8', 'x2', 'y3', 'j4', 'm4', 'k2', 'r8', 'v0', 'z3', 'o7', 'r1', 'j2', 's9', 'c5', 'd9', 'l3', 'o9']
R:['c8', 'h6', 'a1', 't3', 's1', 'e5', 'l1', 'k6', 'c0', 'k2', 'u9', 'n1', 'u3', 'v7', 'u4', 'b6', 'h9', 'd1', 'y5', 'd9', 'k0', 'c4', 'q4', 'i5', 'w5', 'g5', 'e0', 'i1', 'i6', 'y0', 's2', 'f4']
S:['w9', 'k2', 'v0', 'r8', 'k9', 'a3', 'a7', 'y9', 'p0', 'y8', 'm1', 'b9', 'a4', 'f3', 'q6', 'k1', 'j1', 't6', 'z2', 'n2', 'w6', 'h8', 'l6', 'z9', 'a5', 'd7', 'f4', 'j5', 'h3', 'h0', 'z0', 'l7']
R:['z7', 't6', 'u8', 'o3', 'u9', 'x6', 'k8', 'c8', 'i2', 'q2', 'p6', 'j7', 'i6', 'b8', 's9', 'h5', 't0', 'g5', 'p4', 'c3', 'h9', 'q0', 'b1', 't1', 'z6', 'd3', 'h7', 'h3', 'b6', 'k0', 'v4', 'u1']
S:['b4', 'v8', 'b3', 'u1', 'm3', 'u2', 'h4', 'k3', 'c1', 's7', 'z7', 'y4', 'i7', 's1', 'o9', 'j3', 'm6', 'r6', 'c7', 'l5', 'l4', 'y6', 'a7', 'w6', 'd6', 'p0', 'z3', 'y8', 'b5', 'c2', 'r3', 'i6']
R:['i2', 'p4', 'e2', 'q4', 'g8', 'y0', 'z8', 'i9', 'n3', 'z3', 'z2', 'q3', 'x2', 'c4', 'e9', 'y6', 'o1', 'l9', 'k0', 'u1', 'r7', 'i1', 'h1', 'f2', 'e4', 'y3', 'm0', 's0', 'y4', 't9', 'u9', 'l1']
S:['m4', 'd9', 'k1', 'z7', 'z8', 'z5', 'l5', 'g4', 'h6', 'y2', 't0', 's0', 'v1', 'c1', 'n2', 'r1', 'p4', 'h1', 's5', 'j4', 'k8', 'i1', 'x9', 'k2', 'k6', 'w7', 's8', 'e3', 'j7', 'q9', 'u7', 'k4']
R:['i9', 'd1', 'd5', 'c1', 'l7', 'z0', 'y6', 'u7', 'e0', 'b1', 'q3', 'u3', 'r1', 'x0', 'l9', 'a7', 't7', 'i3', 'k8', 't4', 'v1', 'c4', 'f2', 'j7', 'm0', 'p2', 'x1', 'e2', 't2', 's9', 'y5', 'e1']
S:['s5', 'm7', 'w4', 'o1', 'r3', 'g6', 'v1', 'y1', 'd3', 'r1', 'j5', 'i5', 'p5', 'w1', 'f5', 'f8', 'w6', 'q3', 'b7', 'm8', 'i0', 'x9', 'c0', 'h0', 'p0', 'c7', 'c1', 'n0', 'q0', 'd7', 's7', 'c4']
R:['j8', 'b1', 't1', 'v0', 'z0', 'u7', 'h3', 'x1', 's1', 'z8', 'w5', 'i2', 'c8', 'y6', 'j2', 'o7', 't0', 'm1', 'g5', 'm2', 'k2', 'c4', 'b9', 'y3', 'r1', 'e3', 'e2', 'u4', 'o8', 'm8', 'e9', 'p4']
S:['p5', 'i5', 'v8', 'y0', 'c7', 'i7', 'z5', 'u7', 'w3', 'p9', 'v9', 'p7', 'c5', 'm2', 'f4', 'u5', 'h2', 'k8', 'n2', 'x1', 'q5', 's6', 'e3', 'y8', 't2', 'g8', 'q0', 'r9', 'q2', 'y5', 'c3', 'w9']
R:['z3', 'z8', 'k0', 'e7', 'k5', 'y4', 'r8', 'e1', 'm0', 'p3', 't6', 'n7', 't2', 'u9', 'h5', 'i3', 'b1', 'n3', 'm5', 'r1', 'z7', 'c0', 'x9', 'm6', 't0', 'l9', 's1', 'h3', 'u7', 'k2', 'd3', 'p5']
